<?xml version="1.0" encoding="utf-8"?>
<extension type="module" version="3.6" client="site" method="upgrade">
	<name>FeedbackReCaptcha Form</name>
	<author>Muramidaza</author>
	<creationDate>Mart 2021</creationDate>
	<copyright>Copyright (C) 2021. All rights reserved.</copyright>
	<license>Public License</license>
	<authorEmail><a href="mailto:muramidaza@gmail.com">muramidaza@gmail.com</a></authorEmail>
	<authorUrl>www.muramidaza.ru</authorUrl>
	<version>1.0.0</version>
	<description>Модуль для создания формы обратной связи на сайте с reCaptcha.</description>
	<languages>
		<language tag="en-GB">language/en-GB.mod_feedbackrc_form.ini</language>
	</languages>
	<files>
		<filename module="mod_feedbackrc_form">mod_feedbackrc_form.php</filename>
		<filename>index.html</filename>
		<folder>tmpl</folder>
		<folder>css</folder>
		<folder>language</folder>
	</files>
	<config>
		<fields name="params">
			<fieldset name="feedbackrc-form" label="Настройки">
 
				<field name="feedbackrc_email" type="email"
					label="E-mail"
					description="Напишите почтовый ящик, на который хотите получать письма от пользователей."
					required="true"
					size="30"
					validate="email" />
					
				<field name="feedbackrc_emailsecond" type="email"
					label="E-mail"
					description="Напишите второй почтовый ящик, на который хотите получать письма от пользователей."
					size="30"
					validate="email" />					
 
				<field name="feedbackrc_title_form" type="text" default=""
					label="Заголовок в форме"
					description="Напишите заголовок, который будет отображаться в форме обратной связи перед полями."
					size="30" />
 
				<field name="feedbackrc_title" type="text" default=""
					label="Заголовок письма"
					description="Этот заголовок будет показан в приходящем на почту письме."
					required="true"
					size="30" />
 
				<field name="feedbackrc_success_message" type="text" default=""
					label="Удачная отправка"
					description="Сообщение о том, что письмо удалось отправить."
					required="true"
					size="300" />
					
				<field name="feedbackrc_error_message" type="text" default=""
					label="Ошибка отправки"
					description="Сообщение об ошибке."
					required="true"
					size="300" />

				<field name="feedbackrc_error_captcha_message" type="text" default=""
					label="Ошибка капчи"
					description="Сообщение об ошибке капчи."
				 	required="true"
					size="300" />
 
			</fieldset>
		</fields>
	</config>
</extension>